first_name,last_name
Bruce,Craig
Jeremy,Mcdonald
John,Burns
Nicholas,Johnstone
Sean,Marshall
Jack,Aitken
Thomas,Thomson
Vincent,Watt
Ralph,Kerr
Paul,Mcintosh
Roy,Forbes
Jesse,Cunningham
Lawrence,Cameron
Logan,Hill
Eric,Robertson
Russell,Grant
Samuel,Ross
Christopher,Bruce
Charles,Taylor
Frank,Donaldson
Billy,Williams
Louis,Crawford
Timothy,Fleming
Bobby,Sutherland
Walter,Williamson
Jerry,Martin
Mark,Hamilton
Juan,Mcintyre
Henry,Black
Donald,Mclean
Randy,Mitchell
Jonathan,Milne
Ethan,Davidson
Benjamin,Fraser
Albert,Henderson
Justin,Macleod
Robert,Gray
Douglas,Jones
Terry,Anderson
Kevin,Russell
Jacob,Reilly
Raymond,Munro
Scott,Wright
Christian,White
Adam,Allan
Ronald,Wallace
Larry,Findlay
Michael,Miller
Gary,Docherty
Stephen,Mcgregor
William,Mackenzie
Alan,Mackay
Joseph,Young
Edward,Hughes
Bryan,Stevenson
Jordan,Sinclair
Eugene,Hunter
Peter,Murray
Daniel,Paterson
Philip,Walker
Richard,Gordon
Arthur,Gibson
Joshua,Maclean
Gabriel,Smith
Wayne,Kennedy
Dennis,Douglas
Willie,Campbell
Anthony,Christie
Roger,Wilson
James,King
Brian,Reid
Noah,Brown
Mason,Scott
George,Muir
Dylan,Ferguson
Kenneth,Thompson
Andrew,Stewart
Jeffrey,Graham
David,Clark
Zachary,Johnston
Brandon,Wood
Nathan,Duncan
Ryan,Murphy
Austin,Watson
Steven,Bell
Tyler,Mckenzie
Harold,Jamieson
Jose,Simpson
Joe,Millar
Kyle,Mckay
Carl,Boyle
Gregory,Mcmillan
Matthew,Ritchie
Keith,Moore
Gerald,Macdonald
Jason,Kelly
Elijah,Morrison
Alexander,Dickson
Patrick,Alexander
Aaron,Shaw